year,variable,source_report,page,source_type
2020,operating_revenue_nok_m,nas-annual-report-2021.pdf,17,Consolidated income statement - comparative
2020,operating_profit_ebit_nok_m,nas-annual-report-2021.pdf,17,Consolidated income statement - comparative
2020,interest_expense_nok_m,nas-annual-report-2021.pdf,17,Consolidated income statement - comparative
2020,total_equity_nok_m,nas-annual-report-2021.pdf,18,Consolidated statement of financial position - comparative
2020,total_noncurrent_liabilities_nok_m,nas-annual-report-2021.pdf,18,Consolidated statement of financial position - comparative
2020,noncurrent_borrowings_nok_m,nas-annual-report-2021.pdf,18,Consolidated statement of financial position - comparative
2020,noncurrent_lease_liabilities_nok_m,nas-annual-report-2021.pdf,18,Consolidated statement of financial position - comparative
2020,current_assets_nok_m,nas-annual-report-2021.pdf,18,Consolidated statement of financial position - comparative
2020,inventory_nok_m,nas-annual-report-2021.pdf,18,Consolidated statement of financial position - comparative
2020,current_liabilities_nok_m,nas-annual-report-2021.pdf,18,Consolidated statement of financial position - comparative
2020,current_borrowings_nok_m,nas-annual-report-2021.pdf,18,Consolidated statement of financial position - comparative
2020,current_lease_liabilities_nok_m,nas-annual-report-2021.pdf,18,Consolidated statement of financial position - comparative
2020,total_assets_nok_m,nas-annual-report-2021.pdf,18,Consolidated statement of financial position - comparative
2020,total_liabilities_nok_m,nas-annual-report-2021.pdf,18,Consolidated statement of financial position - comparative
2020,retained_earnings_nok_m,nas-annual-report-2021.pdf,18,Consolidated statement of financial position - comparative
2021,operating_revenue_nok_m,nas-annual-report-2021.pdf,17,Consolidated income statement
2021,operating_profit_ebit_nok_m,nas-annual-report-2021.pdf,17,Consolidated income statement
2021,interest_expense_nok_m,nas-annual-report-2021.pdf,17,Consolidated income statement
2021,total_equity_nok_m,nas-annual-report-2021.pdf,18,Consolidated statement of financial position
2021,total_noncurrent_liabilities_nok_m,nas-annual-report-2021.pdf,18,Consolidated statement of financial position
2021,noncurrent_borrowings_nok_m,nas-annual-report-2021.pdf,18,Consolidated statement of financial position
2021,noncurrent_lease_liabilities_nok_m,nas-annual-report-2021.pdf,18,Consolidated statement of financial position
2021,current_assets_nok_m,nas-annual-report-2021.pdf,18,Consolidated statement of financial position
2021,inventory_nok_m,nas-annual-report-2021.pdf,18,Consolidated statement of financial position
2021,current_liabilities_nok_m,nas-annual-report-2021.pdf,18,Consolidated statement of financial position
2021,current_borrowings_nok_m,nas-annual-report-2021.pdf,18,Consolidated statement of financial position
2021,current_lease_liabilities_nok_m,nas-annual-report-2021.pdf,18,Consolidated statement of financial position
2021,total_assets_nok_m,nas-annual-report-2021.pdf,18,Consolidated statement of financial position
2021,total_liabilities_nok_m,nas-annual-report-2021.pdf,18,Consolidated statement of financial position
2021,retained_earnings_nok_m,nas-annual-report-2021.pdf,18,Consolidated statement of financial position
2021,employee_equivalent,nas-annual-report-2021.pdf,35,Note 6 - payroll expenses and number of employees
2021,employee_measure,nas-annual-report-2021.pdf,35,Note 6 - payroll expenses and number of employees
2022,operating_revenue_nok_m,norwegian-annual-report-2022.pdf,54,Consolidated income statement
2022,operating_profit_ebit_nok_m,norwegian-annual-report-2022.pdf,54,Consolidated income statement
2022,interest_expense_nok_m,norwegian-annual-report-2022.pdf,54,Consolidated income statement
2022,total_equity_nok_m,norwegian-annual-report-2022.pdf,55,Consolidated statement of financial position
2022,total_noncurrent_liabilities_nok_m,norwegian-annual-report-2022.pdf,55,Consolidated statement of financial position
2022,noncurrent_borrowings_nok_m,norwegian-annual-report-2022.pdf,55,Consolidated statement of financial position
2022,noncurrent_lease_liabilities_nok_m,norwegian-annual-report-2022.pdf,55,Consolidated statement of financial position
2022,current_assets_nok_m,norwegian-annual-report-2022.pdf,55,Consolidated statement of financial position
2022,inventory_nok_m,norwegian-annual-report-2022.pdf,55,Consolidated statement of financial position
2022,current_liabilities_nok_m,norwegian-annual-report-2022.pdf,55,Consolidated statement of financial position
2022,current_borrowings_nok_m,norwegian-annual-report-2022.pdf,55,Consolidated statement of financial position
2022,current_lease_liabilities_nok_m,norwegian-annual-report-2022.pdf,55,Consolidated statement of financial position
2022,total_assets_nok_m,norwegian-annual-report-2022.pdf,55,Consolidated statement of financial position
2022,total_liabilities_nok_m,norwegian-annual-report-2022.pdf,55,Consolidated statement of financial position
2022,retained_earnings_nok_m,norwegian-annual-report-2022.pdf,55,Consolidated statement of financial position
2022,employee_equivalent,norwegian-annual-report-2022.pdf,71,Note 5 - payroll expenses and number of employees
2022,employee_measure,norwegian-annual-report-2022.pdf,71,Note 5 - payroll expenses and number of employees
2023,operating_revenue_nok_m,norwegian-annual-report-2023.pdf,65,Consolidated income statement
2023,operating_profit_ebit_nok_m,norwegian-annual-report-2023.pdf,65,Consolidated income statement
2023,interest_expense_nok_m,norwegian-annual-report-2023.pdf,65,Consolidated income statement
2023,total_equity_nok_m,norwegian-annual-report-2023.pdf,66,Consolidated statement of financial position
2023,total_noncurrent_liabilities_nok_m,norwegian-annual-report-2023.pdf,66,Consolidated statement of financial position
2023,noncurrent_borrowings_nok_m,norwegian-annual-report-2023.pdf,66,Consolidated statement of financial position
2023,noncurrent_lease_liabilities_nok_m,norwegian-annual-report-2023.pdf,66,Consolidated statement of financial position
2023,current_assets_nok_m,norwegian-annual-report-2023.pdf,66,Consolidated statement of financial position
2023,inventory_nok_m,norwegian-annual-report-2023.pdf,66,Consolidated statement of financial position
2023,current_liabilities_nok_m,norwegian-annual-report-2023.pdf,66,Consolidated statement of financial position
2023,current_borrowings_nok_m,norwegian-annual-report-2023.pdf,66,Consolidated statement of financial position
2023,current_lease_liabilities_nok_m,norwegian-annual-report-2023.pdf,66,Consolidated statement of financial position
2023,total_assets_nok_m,norwegian-annual-report-2023.pdf,66,Consolidated statement of financial position
2023,total_liabilities_nok_m,norwegian-annual-report-2023.pdf,66,Consolidated statement of financial position
2023,retained_earnings_nok_m,norwegian-annual-report-2023.pdf,66,Consolidated statement of financial position
2023,employee_equivalent,norwegian-annual-report-2023.pdf,75,Note 5 - payroll expenses and number of employees
2023,employee_measure,norwegian-annual-report-2023.pdf,75,Note 5 - payroll expenses and number of employees
2024,operating_revenue_nok_m,norwegian_annual_report_2024.pdf,127,Consolidated income statement
2024,operating_profit_ebit_nok_m,norwegian_annual_report_2024.pdf,127,Consolidated income statement
2024,interest_expense_nok_m,norwegian_annual_report_2024.pdf,127,Consolidated income statement
2024,total_equity_nok_m,norwegian_annual_report_2024.pdf,128,Consolidated statement of financial position
2024,total_noncurrent_liabilities_nok_m,norwegian_annual_report_2024.pdf,128,Consolidated statement of financial position
2024,noncurrent_borrowings_nok_m,norwegian_annual_report_2024.pdf,128,Consolidated statement of financial position
2024,noncurrent_lease_liabilities_nok_m,norwegian_annual_report_2024.pdf,128,Consolidated statement of financial position
2024,current_assets_nok_m,norwegian_annual_report_2024.pdf,128,Consolidated statement of financial position
2024,inventory_nok_m,norwegian_annual_report_2024.pdf,128,Consolidated statement of financial position
2024,current_liabilities_nok_m,norwegian_annual_report_2024.pdf,128,Consolidated statement of financial position
2024,current_borrowings_nok_m,norwegian_annual_report_2024.pdf,128,Consolidated statement of financial position
2024,current_lease_liabilities_nok_m,norwegian_annual_report_2024.pdf,128,Consolidated statement of financial position
2024,total_assets_nok_m,norwegian_annual_report_2024.pdf,128,Consolidated statement of financial position
2024,total_liabilities_nok_m,norwegian_annual_report_2024.pdf,128,Consolidated statement of financial position
2024,retained_earnings_nok_m,norwegian_annual_report_2024.pdf,129,Consolidated statement of changes in equity
2024,employee_equivalent,norwegian_annual_report_2024.pdf,139,Note 7 - payroll expenses and number of employees
2024,employee_measure,norwegian_annual_report_2024.pdf,139,Note 7 - payroll expenses and number of employees
2024,year_end_share_price_nok,norwegian_annual_report_2024.pdf,21,Shareholder information / share price
2024,shares_outstanding,norwegian_annual_report_2024.pdf,21,Shareholder information / share price
2024,reported_market_cap_nok_m,norwegian_annual_report_2024.pdf,21,Shareholder information / share price
2025,operating_revenue_nok_m,norwegian-annual-report-2025.pdf,121,Consolidated income statement
2025,operating_profit_ebit_nok_m,norwegian-annual-report-2025.pdf,121,Consolidated income statement
2025,interest_expense_nok_m,norwegian-annual-report-2025.pdf,121,Consolidated income statement
2025,total_equity_nok_m,norwegian-annual-report-2025.pdf,122,Consolidated statement of financial position
2025,total_noncurrent_liabilities_nok_m,norwegian-annual-report-2025.pdf,122,Consolidated statement of financial position
2025,noncurrent_borrowings_nok_m,norwegian-annual-report-2025.pdf,122,Consolidated statement of financial position
2025,noncurrent_lease_liabilities_nok_m,norwegian-annual-report-2025.pdf,122,Consolidated statement of financial position
2025,current_assets_nok_m,norwegian-annual-report-2025.pdf,122,Consolidated statement of financial position
2025,inventory_nok_m,norwegian-annual-report-2025.pdf,122,Consolidated statement of financial position
2025,current_liabilities_nok_m,norwegian-annual-report-2025.pdf,122,Consolidated statement of financial position
2025,current_borrowings_nok_m,norwegian-annual-report-2025.pdf,122,Consolidated statement of financial position
2025,current_lease_liabilities_nok_m,norwegian-annual-report-2025.pdf,122,Consolidated statement of financial position
2025,total_assets_nok_m,norwegian-annual-report-2025.pdf,122,Consolidated statement of financial position
2025,total_liabilities_nok_m,norwegian-annual-report-2025.pdf,122,Consolidated statement of financial position
2025,retained_earnings_nok_m,norwegian-annual-report-2025.pdf,123,Consolidated statement of changes in equity
2025,employee_equivalent,norwegian-annual-report-2025.pdf,136,Note 7 - payroll expenses and number of employees
2025,employee_measure,norwegian-annual-report-2025.pdf,136,Note 7 - payroll expenses and number of employees
2025,year_end_share_price_nok,norwegian-annual-report-2025.pdf,20,Shareholder information / share price
2025,shares_outstanding,norwegian-annual-report-2025.pdf,20,Shareholder information / share price
2025,reported_market_cap_nok_m,norwegian-annual-report-2025.pdf,20,Shareholder information / share price
